<application>
  <component name="ProjectJdkTable">
    <jdk version="2">
      <name value="Python 3.6" />
      <type value="Python SDK" />
      <version value="Python 3.6.9" />
      <homePath value="/usr/bin/python3.6" />
      <roots>
        <classPath>
          <root type="composite">
            <root url="file:///usr/lib/python3.6" type="simple" />
            <root url="file:///usr/lib/python3.6/lib-dynload" type="simple" />
            <root url="file:///usr/local/lib/python3.6/dist-packages" type="simple" />
            <root url="file:///usr/lib/python3/dist-packages" type="simple" />
            <root url="file://$USER_HOME$/.PyCharm2019.3/system/python_stubs/-1247971763" type="simple" />
            <root url="file://$APPLICATION_HOME_DIR$/plugins/python/helpers/python-skeletons" type="simple" />
            <root url="file://$APPLICATION_HOME_DIR$/plugins/python/helpers/typeshed/stdlib/3" type="simple" />
            <root url="file://$APPLICATION_HOME_DIR$/plugins/python/helpers/typeshed/stdlib/2and3" type="simple" />
            <root url="file://$APPLICATION_HOME_DIR$/plugins/python/helpers/typeshed/third_party/3" type="simple" />
            <root url="file://$APPLICATION_HOME_DIR$/plugins/python/helpers/typeshed/third_party/2and3" type="simple" />
          </root>
        </classPath>
        <sourcePath>
          <root type="composite" />
        </sourcePath>
      </roots>
      <additional />
    </jdk>
    <jdk version="2">
      <name value="Python 3.5 (ccgvae)" />
      <type value="Python SDK" />
      <version value="Python 3.5.6" />
      <homePath value="$USER_HOME$/programs/miniconda/envs/ccgvae/bin/python" />
      <roots>
        <classPath>
          <root type="composite">
            <root url="file://$USER_HOME$/programs/miniconda/envs/ccgvae/lib/python3.5" type="simple" />
            <root url="file://$USER_HOME$/programs/miniconda/envs/ccgvae/lib/python3.5/plat-linux" type="simple" />
            <root url="file://$USER_HOME$/programs/miniconda/envs/ccgvae/lib/python3.5/lib-dynload" type="simple" />
            <root url="file://$USER_HOME$/programs/miniconda/envs/ccgvae/lib/python3.5/site-packages" type="simple" />
            <root url="file://$USER_HOME$/.PyCharm2019.3/system/python_stubs/990197708" type="simple" />
            <root url="file://$APPLICATION_HOME_DIR$/plugins/python/helpers/python-skeletons" type="simple" />
            <root url="file://$APPLICATION_HOME_DIR$/plugins/python/helpers/typeshed/stdlib/3" type="simple" />
            <root url="file://$APPLICATION_HOME_DIR$/plugins/python/helpers/typeshed/stdlib/2and3" type="simple" />
            <root url="file://$APPLICATION_HOME_DIR$/plugins/python/helpers/typeshed/third_party/3" type="simple" />
            <root url="file://$APPLICATION_HOME_DIR$/plugins/python/helpers/typeshed/third_party/2and3" type="simple" />
          </root>
        </classPath>
        <sourcePath>
          <root type="composite" />
        </sourcePath>
      </roots>
      <additional ASSOCIATED_PROJECT_PATH="/run/user/1001/gvfs/sftp:host=labsrv8.math.unipd.it/home/drigoni/repository/CCGVAE/CCGVAE" />
    </jdk>
    <jdk version="2">
      <name value="Python 3.5 (cgvae)" />
      <type value="Python SDK" />
      <version value="Python 3.5.6" />
      <homePath value="$USER_HOME$/programs/miniconda/envs/cgvae/bin/python" />
      <roots>
        <classPath>
          <root type="composite">
            <root url="file://$USER_HOME$/programs/miniconda/envs/cgvae/lib/python3.5" type="simple" />
            <root url="file://$USER_HOME$/programs/miniconda/envs/cgvae/lib/python3.5/plat-linux" type="simple" />
            <root url="file://$USER_HOME$/programs/miniconda/envs/cgvae/lib/python3.5/lib-dynload" type="simple" />
            <root url="file://$USER_HOME$/programs/miniconda/envs/cgvae/lib/python3.5/site-packages" type="simple" />
            <root url="file://$USER_HOME$/.PyCharm2019.3/system/python_stubs/-171805231" type="simple" />
            <root url="file://$APPLICATION_HOME_DIR$/plugins/python/helpers/python-skeletons" type="simple" />
            <root url="file://$APPLICATION_HOME_DIR$/plugins/python/helpers/typeshed/stdlib/3" type="simple" />
            <root url="file://$APPLICATION_HOME_DIR$/plugins/python/helpers/typeshed/stdlib/2and3" type="simple" />
            <root url="file://$APPLICATION_HOME_DIR$/plugins/python/helpers/typeshed/third_party/3" type="simple" />
            <root url="file://$APPLICATION_HOME_DIR$/plugins/python/helpers/typeshed/third_party/2and3" type="simple" />
          </root>
        </classPath>
        <sourcePath>
          <root type="composite" />
        </sourcePath>
      </roots>
      <additional ASSOCIATED_PROJECT_PATH="/run/user/1001/gvfs/sftp:host=labsrv8.math.unipd.it/home/drigoni/repository/TesiMagistrale/constrainedGVAE" />
    </jdk>
    <jdk version="2">
      <name value="Python 3.6 (analysis)" />
      <type value="Python SDK" />
      <version value="Python 3.6.6" />
      <homePath value="$USER_HOME$/programs/miniconda/envs/analysis/bin/python" />
      <roots>
        <classPath>
          <root type="composite">
            <root url="file://$USER_HOME$/programs/miniconda/envs/analysis/lib/python3.6" type="simple" />
            <root url="file://$USER_HOME$/programs/miniconda/envs/analysis/lib/python3.6/lib-dynload" type="simple" />
            <root url="file://$USER_HOME$/programs/miniconda/envs/analysis/lib/python3.6/site-packages" type="simple" />
            <root url="file://$USER_HOME$/.PyCharm2019.3/system/python_stubs/1293239299" type="simple" />
            <root url="file://$APPLICATION_HOME_DIR$/plugins/python/helpers/python-skeletons" type="simple" />
            <root url="file://$APPLICATION_HOME_DIR$/plugins/python/helpers/typeshed/stdlib/3" type="simple" />
            <root url="file://$APPLICATION_HOME_DIR$/plugins/python/helpers/typeshed/stdlib/2and3" type="simple" />
            <root url="file://$APPLICATION_HOME_DIR$/plugins/python/helpers/typeshed/third_party/3" type="simple" />
            <root url="file://$APPLICATION_HOME_DIR$/plugins/python/helpers/typeshed/third_party/2and3" type="simple" />
          </root>
        </classPath>
        <sourcePath>
          <root type="composite" />
        </sourcePath>
      </roots>
      <additional ASSOCIATED_PROJECT_PATH="/run/user/1001/gvfs/sftp:host=labsrv8.math.unipd.it/home/drigoni/repository/TesiMagistrale/_analysis" />
    </jdk>
    <jdk version="2">
      <name value="Python 3.5 (yolo)" />
      <type value="Python SDK" />
      <version value="Python 3.6.10" />
      <homePath value="$USER_HOME$/programs/miniconda/envs/yolo/bin/python" />
      <roots>
        <classPath>
          <root type="composite">
            <root url="file://$USER_HOME$/programs/miniconda/envs/yolo/lib/python3.6" type="simple" />
            <root url="file://$USER_HOME$/programs/miniconda/envs/yolo/lib/python3.6/lib-dynload" type="simple" />
            <root url="file://$USER_HOME$/programs/miniconda/envs/yolo/lib/python3.6/site-packages" type="simple" />
            <root url="file://$USER_HOME$/.PyCharm2019.3/system/python_stubs/-704539226" type="simple" />
            <root url="file://$APPLICATION_HOME_DIR$/plugins/python/helpers/python-skeletons" type="simple" />
            <root url="file://$APPLICATION_HOME_DIR$/plugins/python/helpers/typeshed/stdlib/3" type="simple" />
            <root url="file://$APPLICATION_HOME_DIR$/plugins/python/helpers/typeshed/stdlib/2and3" type="simple" />
            <root url="file://$APPLICATION_HOME_DIR$/plugins/python/helpers/typeshed/third_party/3" type="simple" />
            <root url="file://$APPLICATION_HOME_DIR$/plugins/python/helpers/typeshed/third_party/2and3" type="simple" />
          </root>
        </classPath>
        <sourcePath>
          <root type="composite" />
        </sourcePath>
      </roots>
      <additional ASSOCIATED_PROJECT_PATH="$USER_HOME$/repository/yolo" />
    </jdk>
    <jdk version="2">
      <name value="Python 3.5 (bird)" />
      <type value="Python SDK" />
      <version value="Python 3.5.6" />
      <homePath value="$USER_HOME$/programs/miniconda/envs/bird/bin/python" />
      <roots>
        <classPath>
          <root type="composite">
            <root url="file://$USER_HOME$/programs/miniconda/envs/bird/lib/python3.5" type="simple" />
            <root url="file://$USER_HOME$/programs/miniconda/envs/bird/lib/python3.5/plat-linux" type="simple" />
            <root url="file://$USER_HOME$/programs/miniconda/envs/bird/lib/python3.5/lib-dynload" type="simple" />
            <root url="file://$USER_HOME$/programs/miniconda/envs/bird/lib/python3.5/site-packages" type="simple" />
            <root url="file://$USER_HOME$/.PyCharm2019.3/system/python_stubs/-1165468666" type="simple" />
            <root url="file://$APPLICATION_HOME_DIR$/plugins/python/helpers/python-skeletons" type="simple" />
            <root url="file://$APPLICATION_HOME_DIR$/plugins/python/helpers/typeshed/stdlib/3" type="simple" />
            <root url="file://$APPLICATION_HOME_DIR$/plugins/python/helpers/typeshed/stdlib/2and3" type="simple" />
            <root url="file://$APPLICATION_HOME_DIR$/plugins/python/helpers/typeshed/third_party/3" type="simple" />
            <root url="file://$APPLICATION_HOME_DIR$/plugins/python/helpers/typeshed/third_party/2and3" type="simple" />
          </root>
        </classPath>
        <sourcePath>
          <root type="composite" />
        </sourcePath>
      </roots>
      <additional ASSOCIATED_PROJECT_PATH="$USER_HOME$/repository/BirdSong" />
    </jdk>
    <jdk version="2">
      <name value="Python 3.7 (google)" />
      <type value="Python SDK" />
      <version value="Python 3.7.6" />
      <homePath value="$USER_HOME$/programs/miniconda/envs/google/bin/python" />
      <roots>
        <classPath>
          <root type="composite">
            <root url="file://$USER_HOME$/programs/miniconda/envs/google/lib/python3.7" type="simple" />
            <root url="file://$USER_HOME$/programs/miniconda/envs/google/lib/python3.7/lib-dynload" type="simple" />
            <root url="file://$USER_HOME$/programs/miniconda/envs/google/lib/python3.7/site-packages" type="simple" />
            <root url="file://$USER_HOME$/.PyCharm2019.3/system/python_stubs/-486482042" type="simple" />
            <root url="file://$APPLICATION_HOME_DIR$/plugins/python/helpers/python-skeletons" type="simple" />
            <root url="file://$APPLICATION_HOME_DIR$/plugins/python/helpers/typeshed/stdlib/3" type="simple" />
            <root url="file://$APPLICATION_HOME_DIR$/plugins/python/helpers/typeshed/stdlib/2and3" type="simple" />
            <root url="file://$APPLICATION_HOME_DIR$/plugins/python/helpers/typeshed/third_party/3" type="simple" />
            <root url="file://$APPLICATION_HOME_DIR$/plugins/python/helpers/typeshed/third_party/2and3" type="simple" />
          </root>
        </classPath>
        <sourcePath>
          <root type="composite" />
        </sourcePath>
      </roots>
      <additional ASSOCIATED_PROJECT_PATH="$USER_HOME$/repository/googleHashCode" />
    </jdk>
  </component>
</application>